{"web":{"client_id":"969401828234-ijgdtjlo8kedp033la8jvndv5aejeki8.apps.googleusercontent.com","project_id":"capable-argon-460521-m7","auth_uri":"https://accounts.google.com/o/oauth2/auth","token_uri":"https://oauth2.googleapis.com/token","auth_provider_x509_cert_url":"https://www.googleapis.com/oauth2/v1/certs","client_secret":"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","redirect_uris":["https://gestion-pagos-alquileres.onrender.com/callback"],"javascript_origins":["https://gestion-pagos-alquileres.onrender.com"]}}
